{
  "ARIMAX": {
    "MAPE": 1.2945737961745105,
    "RMSE": 21.538470615684645,
    "MAE": 17.285079416544217,
    "R2": 0.20568325727103964
  },
  "XGBoost": {
    "MAPE": 1.2792858018705016,
    "RMSE": 20.126921871488282,
    "MAE": 17.115748242187486,
    "R2": 0.30638462051421056
  },
  "LSTM": {
    "MAPE": 0.48221689795288747,
    "RMSE": 9.082146251515399,
    "MAE": 6.375934766769403,
    "R2": 0.8587654420642932
  },
  "GARCH": {
    "omega": 0.031754496447190785,
    "alpha": 0.09696111807741095,
    "beta": 0.8880642906952974,
    "persistence": 0.9850254087727083
  },
  "Regime": {
    "current": "sideways",
    "strength": 0.8586117544551225,
    "momentum": 0.0005830254987375081
  },
  "Ensemble": {
    "MAPE": 0.1716910307826127,
    "RMSE": 3.145041034294743,
    "MAE": 2.278658463541669,
    "R2": 0.9830637745980229,
    "WinRate": 68.91891891891892,
    "CV_Score": 99.82830896921739
  },
  "Weights": {
    "ARIMAX": 0.04311886429786682,
    "LSTM": 0.7239469289779663,
    "XGBoost": 0.23293420672416687
  }
}